[{"inputs":[{"internalType":"address","name":"_signer","type":"address"},{"internalType":"address[]","name":"_tokensAllowed","type":"address[]"},{"internalType":"address","name":"_weth","type":"address"}],"stateMutability":"nonpayable","type":"constructor"},{"inputs":[{"internalType":"address","name":"target","type":"address"}],"name":"AddressEmptyCode","type":"error"},{"inputs":[{"internalType":"address","name":"account","type":"address"}],"name":"AddressInsufficientBalance","type":"error"},{"inputs":[],"name":"CannotDepositForZeroAddress","type":"error"},{"inputs":[],"name":"CannotRenounceOwnership","type":"error"},{"inputs":[],"name":"DepositAmountCannotBeZero","type":"error"},{"inputs":[],"name":"DuplicateToken","type":"error"},{"inputs":[],"name":"EnforcedPause","type":"error"},{"inputs":[],"name":"ExpectedPause","type":"error"},{"inputs":[],"name":"FailedInnerCall","type":"error"},{"inputs":[{"internalType":"address","name":"account","type":"address"},{"internalType":"uint256","name":"currentNonce","type":"uint256"}],"name":"InvalidAccountNonce","type":"error"},{"inputs":[],"name":"InvalidShortString","type":"error"},{"inputs":[],"name":"MigratorAlreadyAllowedOrBlocked","type":"error"},{"inputs":[],"name":"MigratorBlocked","type":"error"},{"inputs":[],"name":"MigratorCannotBeZeroAddress","type":"error"},{"inputs":[{"internalType":"address","name":"owner","type":"address"}],"name":"OwnableInvalidOwner","type":"error"},{"inputs":[{"internalType":"address","name":"account","type":"address"}],"name":"OwnableUnauthorizedAccount","type":"error"},{"inputs":[{"internalType":"address","name":"token","type":"address"}],"name":"SafeERC20FailedOperation","type":"error"},{"inputs":[],"name":"SignatureExpired","type":"error"},{"inputs":[],"name":"SignatureInvalid","type":"error"},{"inputs":[],"name":"SignerAlreadySetToAddress","type":"error"},{"inputs":[],"name":"SignerCannotBeZeroAddress","type":"error"},{"inputs":[{"internalType":"string","name":"str","type":"string"}],"name":"StringTooLong","type":"error"},{"inputs":[],"name":"TokenAlreadyConfiguredWithState","type":"error"},{"inputs":[],"name":"TokenArrayCannotBeEmpty","type":"error"},{"inputs":[],"name":"TokenCannotBeZeroAddress","type":"error"},{"inputs":[],"name":"TokenNotAllowedForStaking","type":"error"},{"inputs":[],"name":"UserDoesNotHaveStake","type":"error"},{"inputs":[],"name":"WETHCannotBeZeroAddress","type":"error"},{"inputs":[],"name":"WithdrawAmountCannotBeZero","type":"error"},{"anonymous":false,"inputs":[{"indexed":false,"internalType":"address","name":"migrator","type":"address"},{"indexed":false,"internalType":"bool","name":"blocked","type":"bool"}],"name":"BlocklistChanged","type":"event"},{"anonymous":false,"inputs":[{"indexed":true,"internalType":"uint256","name":"eventId","type":"uint256"},{"indexed":true,"internalType":"address","name":"depositor","type":"address"},{"indexed":true,"internalType":"address","name":"token","type":"address"},{"indexed":false,"internalType":"uint256","name":"amount","type":"uint256"}],"name":"Deposit","type":"event"},{"anonymous":false,"inputs":[],"name":"EIP712DomainChanged","type":"event"},{"anonymous":false,"inputs":[{"indexed":true,"internalType":"uint256","name":"eventId","type":"uint256"},{"indexed":true,"internalType":"address","name":"user","type":"address"},{"indexed":false,"internalType":"address[]","name":"tokens","type":"address[]"},{"indexed":false,"internalType":"address","name":"destination","type":"address"},{"indexed":false,"internalType":"address","name":"migrator","type":"address"},{"indexed":false,"internalType":"uint256[]","name":"amounts","type":"uint256[]"}],"name":"Migrate","type":"event"},{"anonymous":false,"inputs":[{"indexed":true,"internalType":"address","name":"previousOwner","type":"address"},{"indexed":true,"internalType":"address","name":"newOwner","type":"address"}],"name":"OwnershipTransferStarted","type":"event"},{"anonymous":false,"inputs":[{"indexed":true,"internalType":"address","name":"previousOwner","type":"address"},{"indexed":true,"internalType":"address","name":"newOwner","type":"address"}],"name":"OwnershipTransferred","type":"event"},{"anonymous":false,"inputs":[{"indexed":false,"internalType":"address","name":"account","type":"address"}],"name":"Paused","type":"event"},{"anonymous":false,"inputs":[{"indexed":false,"internalType":"address","name":"newSigner","type":"address"}],"name":"SignerChanged","type":"event"},{"anonymous":false,"inputs":[{"indexed":false,"internalType":"address","name":"token","type":"address"},{"indexed":false,"internalType":"bool","name":"enabled","type":"bool"}],"name":"TokenStakabilityChanged","type":"event"},{"anonymous":false,"inputs":[{"indexed":false,"internalType":"address","name":"account","type":"address"}],"name":"Unpaused","type":"event"},{"anonymous":false,"inputs":[{"indexed":true,"internalType":"uint256","name":"eventId","type":"uint256"},{"indexed":true,"internalType":"address","name":"withdrawer","type":"address"},{"indexed":true,"internalType":"address","name":"token","type":"address"},{"indexed":false,"internalType":"uint256","name":"amount","type":"uint256"}],"name":"Withdraw","type":"event"},{"inputs":[],"name":"acceptOwnership","outputs":[],"stateMutability":"nonpayable","type":"function"},{"inputs":[{"internalType":"address","name":"","type":"address"},{"internalType":"address","name":"","type":"address"}],"name":"balance","outputs":[{"internalType":"uint256","name":"","type":"uint256"}],"stateMutability":"view","type":"function"},{"inputs":[{"internalType":"address","name":"_migrator","type":"address"},{"internalType":"bool","name":"_blocklisted","type":"bool"}],"name":"blockMigrator","outputs":[],"stateMutability":"nonpayable","type":"function"},{"inputs":[{"internalType":"address","name":"_for","type":"address"}],"name":"depositETHFor","outputs":[],"stateMutability":"payable","type":"function"},{"inputs":[{"internalType":"address","name":"_token","type":"address"},{"internalType":"address","name":"_for","type":"address"},{"internalType":"uint256","name":"_amount","type":"uint256"}],"name":"depositFor","outputs":[],"stateMutability":"nonpayable","type":"function"},{"inputs":[],"name":"eip712Domain","outputs":[{"internalType":"bytes1","name":"fields","type":"bytes1"},{"internalType":"string","name":"name","type":"string"},{"internalType":"string","name":"version","type":"string"},{"internalType":"uint256","name":"chainId","type":"uint256"},{"internalType":"address","name":"verifyingContract","type":"address"},{"internalType":"bytes32","name":"salt","type":"bytes32"},{"internalType":"uint256[]","name":"extensions","type":"uint256[]"}],"stateMutability":"view","type":"function"},{"inputs":[{"internalType":"address[]","name":"_tokens","type":"address[]"},{"internalType":"address","name":"_migratorContract","type":"address"},{"internalType":"address","name":"_destination","type":"address"},{"internalType":"uint256","name":"_signatureExpiry","type":"uint256"},{"internalType":"bytes","name":"_authorizationSignatureFromZircuit","type":"bytes"}],"name":"migrate","outputs":[],"stateMutability":"nonpayable","type":"function"},{"inputs":[{"internalType":"address","name":"_user","type":"address"},{"internalType":"address[]","name":"_tokens","type":"address[]"},{"internalType":"address","name":"_migratorContract","type":"address"},{"internalType":"address","name":"_destination","type":"address"},{"internalType":"uint256","name":"_signatureExpiry","type":"uint256"},{"internalType":"bytes","name":"_stakerSignature","type":"bytes"}],"name":"migrateWithSig","outputs":[],"stateMutability":"nonpayable","type":"function"},{"inputs":[{"internalType":"address","name":"","type":"address"}],"name":"migratorBlocklist","outputs":[{"internalType":"bool","name":"","type":"bool"}],"stateMutability":"view","type":"function"},{"inputs":[{"internalType":"address","name":"owner","type":"address"}],"name":"nonces","outputs":[{"internalType":"uint256","name":"","type":"uint256"}],"stateMutability":"view","type":"function"},{"inputs":[],"name":"owner","outputs":[{"internalType":"address","name":"","type":"address"}],"stateMutability":"view","type":"function"},{"inputs":[],"name":"pause","outputs":[],"stateMutability":"nonpayable","type":"function"},{"inputs":[],"name":"paused","outputs":[{"internalType":"bool","name":"","type":"bool"}],"stateMutability":"view","type":"function"},{"inputs":[],"name":"pendingOwner","outputs":[{"internalType":"address","name":"","type":"address"}],"stateMutability":"view","type":"function"},{"inputs":[],"name":"renounceOwnership","outputs":[],"stateMutability":"nonpayable","type":"function"},{"inputs":[{"internalType":"address","name":"_token","type":"address"},{"internalType":"bool","name":"_canStake","type":"bool"}],"name":"setStakable","outputs":[],"stateMutability":"nonpayable","type":"function"},{"inputs":[{"internalType":"address","name":"_signer","type":"address"}],"name":"setZircuitSigner","outputs":[],"stateMutability":"nonpayable","type":"function"},{"inputs":[{"internalType":"address","name":"","type":"address"}],"name":"tokenAllowlist","outputs":[{"internalType":"bool","name":"","type":"bool"}],"stateMutability":"view","type":"function"},{"inputs":[{"internalType":"address","name":"newOwner","type":"address"}],"name":"transferOwnership","outputs":[],"stateMutability":"nonpayable","type":"function"},{"inputs":[],"name":"unpause","outputs":[],"stateMutability":"nonpayable","type":"function"},{"inputs":[{"internalType":"address","name":"_token","type":"address"},{"internalType":"uint256","name":"_amount","type":"uint256"}],"name":"withdraw","outputs":[],"stateMutability":"nonpayable","type":"function"},{"inputs":[],"name":"zircuitSigner","outputs":[{"internalType":"address","name":"","type":"address"}],"stateMutability":"view","type":"function"}]